0.18726905791942494,0.73028084767914625,-1
0.12588174871327373,0.83573894875332178,-1
0.33224292410300282,0.50082585229404863,-1
0.40525255431966489,0.65988085883993464,-1
0.33127639249178764,0.46999262984841284,-1
0.074552605963274177,0.54858267727078125,-1
0.022969895931539308,0.51555595365638851,-1
0.0087927703775658728,0.11147639689022626,-1
0.97707625868979375,0.97358070378291128,-1
0.26286778936551503,0.83338783818426898,-1
0.61198532013106777,0.78242206973689521,-1
0.052560465510251952,0.51220656990408808,-1
0.87014010065374459,0.94280110596271749,-1
0.082088533019289311,0.56039885873728856,-1
0.17367486623667838,0.53284851130232291,-1
0.1472885562855164,0.81507785485454598,-1
0.1827215560458274,0.92243101077395939,-1
0.20640742537666978,0.71983359270700686,-1
0.06232742005630576,0.86199954964621006,-1
0.21640019911491859,0.76457670217201246,-1
0.075152954449642206,0.42407443522338584,-1
0.15119948746367506,0.39449993507434078,-1
0.62885878996260292,0.82953708374831669,-1
0.60019063380887805,0.89698872196123647,-1
0.15047128106649377,0.51713417837805498,-1
0.11081248091406937,0.77610091825278793,-1
0.32981175723625034,0.58828075428649051,-1
0.59963155797710932,0.84178115720992275,-1
0.38845105895095222,0.94580907661866476,-1
0.20890284269942883,0.8720148068208331,-1
0.27322376146904881,0.79095168028653029,-1
0.096296338529110792,0.3360956476112914,-1
0.50021702864832973,0.81805822183151555,-1
0.3827690378472437,0.46129091792957366,-1
0.4641810101768219,0.73436838902405333,-1
0.29260975388268451,0.57277798974689176,-1
0.27929020042097463,0.74465588216892897,-1
0.21489063988064516,0.39683465695424236,-1
0.15846255822871358,0.68965726245707371,-1
0.5868705394517445,0.92093669530285782,-1
0.46666652110598683,0.66073055064534703,-1
0.6578577210992006,0.87868295235077432,-1
0.72104398970171957,0.98824128276628542,-1
0.90749962618020374,0.95941004798508323,-1
0.82604442772581366,0.91323642923522885,-1
0.85095899802939334,0.93831000272658549,-1
0.20910684057003859,0.96772835627079934,-1
0.7323341444789454,0.90802010659642041,-1
0.63261511716362884,0.86682137477806243,-1
0.063519245267907976,0.86662607982541173,-1
0.013610295743690881,0.75678867166443742,-1
0.75831361717782242,0.85086755567089001,-1
0.60387344966001955,0.9598309401255114,-1
0.18528960923369087,0.44243785461343332,-1
0.50447638676632833,0.72939895909303532,-1
0.76210643615806228,0.84728561602983254,-1
0.42132067606690138,0.88810079935119768,-1
0.038474220178476348,0.74837047911093524,-1
0.28429396700004916,0.64973061916153219,-1
0.30026692353734574,0.51668639123208038,-1
0.53299238323159848,0.94993483993463257,-1
0.71744269488209333,0.87158870138169287,-1
0.43176224555575116,0.58789722708927605,-1
0.15239437863445437,0.62993934453142031,-1
0.43049801639345209,0.66462257415921477,-1
0.90308503526746853,0.9755744156811692,-1
0.23600073053550352,0.54186027042505669,-1
0.57742144324331346,0.99859181409588293,-1
0.5569438198644695,0.68744775087371757,-1
0.047214434176338305,0.41428592155880595,-1
0.70578223964828224,0.73713377947832004,-1
0.054871736133124238,0.38704352432443034,-1
0.29625031005810198,0.53645057731019452,-1
0.50292773559668735,0.7855136928912323,-1
0.57309092568071707,0.80258963967150077,-1
0.79613958925736505,0.96130163264444002,-1
0.031815310219560189,0.53817932706859894,-1
0.0011862550523429327,0.46396264863349279,-1
0.1958826497211813,0.3764246852968981,-1
0.038358173791637085,0.18804059485230551,-1
0.55385234605418732,0.70856980361311839,-1
0.96912529839749562,0.97673594242201101,-1
0.11052135124169038,0.29196953692532213,-1
0.94382474919225745,0.97205530235916249,-1
0.42672968711744763,0.57436895459153936,-1
0.11012278846788826,0.24914067595133615,-1
0.32665954078255166,0.94376526985751996,-1
0.10331968150497095,0.57953761350611976,-1
0.050568303016862437,0.86084549756903772,-1
0.00089760355361490074,0.25876555604006124,-1
0.35502934524956298,0.81926100965189674,-1
0.54893461354819872,0.77283271979287749,-1
0.032755062740113638,0.97310272922161933,-1
0.34377614518282851,0.95803928594690757,-1
0.61073056642370194,0.96978114379257441,-1
0.017827856511645312,0.36446957100575905,-1
0.70650921317571225,0.77118892089660751,-1
0.14766900709223296,0.98604633570235556,-1
0.078801740859299696,0.20600776788440134,-1
0.53673598630270924,0.95377219897704257,-1
0.17562770637935354,0.96978257658819,-1
0.74445153459821101,0.87366997604656338,-1
0.19336796609017692,0.52457729994440172,-1
0.13609926982606813,0.53771701304668162,-1
0.01535765531022637,0.80204003304444471,-1
0.52472501218404199,0.95291781059750813,-1
0.14801258886833435,0.69142652746064548,-1
0.0011384357391012179,0.89604773507404523,-1
0.32242940477197146,0.49179173785380714,-1
0.091059540797386207,0.75956972307046533,-1
0.41602401757954999,0.88959014789054325,-1
0.49905980782880144,0.88886942573276317,-1
0.2434544172033013,0.86587000041271023,-1
0.39224784573029325,0.84931528610168217,-1
0.57763687225976612,0.82971700012964433,-1
0.52798084659197697,0.89847521508604611,-1
0.046888477637177739,0.90751588260095284,-1
0.0019074378411150228,0.10690521918028528,-1
0.25555901193134645,0.68640317081323088,-1
0.52525323777284672,0.64475324322219874,-1
0.20779842528018877,0.88585502460809518,-1
0.052877254155635378,0.81622799267895518,-1
0.737957552762735,0.88903952576403966,-1
0.3930648231998134,0.65592310696194811,-1
0.48731391823546621,0.73490125127115613,-1
0.53290332189804235,0.61473186076772413,-1
0.034157078735167712,0.50943890867224051,-1
0.50776366450238619,0.88164457643278638,-1
0.11763901320022985,0.32724359842106931,-1
0.54349078866141876,0.78162308571438499,-1
0.031472574562337097,0.81655671137940478,-1
0.4250464492146383,0.88910055657149967,-1
0.59795293015400841,0.71443686967697628,-1
0.012130607232483936,0.30619588827767874,-1
0.79338273125089109,0.97722145215130485,-1
0.5682372999045584,0.7263711235937016,-1
0.22801764201964925,0.30308188429052119,-1
0.089550167677227011,0.65242803565820207,-1
0.29016671952928319,0.78968807671320096,-1
0.11784914592426199,0.73165151371607462,-1
0.21156273120543256,0.37955218282413428,-1
0.25115949610986599,0.71070496456120902,-1
0.29667106793753972,0.98369174987857855,-1
0.23515641172752488,0.9536017558233425,-1
0.33192972529175946,0.50511202832233826,-1
0.35323605752634712,0.7804991940154562,-1
0.26324285045446594,0.70131657200587427,-1
0.42935798274186854,0.6635536964775004,-1
0.30941281439612556,0.52192020810407425,-1
0.43709965787218874,0.98652891121060704,-1
0.18517529301533964,0.90364714872696361,-1
0.020751759940741743,0.49866979563547997,-1
0.069119215043203619,0.92104306355007926,-1
0.047166473419524402,0.40226606365237094,-1
0.29475449778116192,0.61587430884326233,-1
0.20341112287089202,0.32644299990772641,-1
0.23639517077948002,0.45033681974494544,-1
0.033615733895252631,0.76342784912063089,-1
0.11176000857479984,0.43970096227067779,-1
0.20056202567800785,0.53172106432260791,-1
0.54350779147728523,0.68458140351344188,-1
0.67504530325117218,0.84499564376736702,-1
0.79767031416969547,0.97374452279118784,-1
0.34521255261932693,0.66397373166672924,-1
0.12820796899965503,0.76922947511670237,-1
0.10519920686913153,0.38216542401349318,-1
0.76733230224692406,0.9060882797102765,-1
0.17692498579650251,0.67076862758883748,-1
0.14089685416739406,0.8600005015553478,-1
0.28219957151625996,0.84157235587431378,-1
0.00052555717900470977,0.21264568326455791,-1
0.021423095444378482,0.24789237282289001,-1
0.19625611477923843,0.34983657921458156,-1
0.48575365389104153,0.81295737012297487,-1
0.70853056863632158,0.83007863355536271,-1
0.14612993452031842,0.99821061654204457,-1
0.62460244382306818,0.83442203680618221,-1
0.15766909728670542,0.30541537174759725,-1
0.39466536740429792,0.46916131926105864,-1
0.59673609582005849,0.71781296524286287,-1
0.098817639721332728,0.98980040772850586,-1
0.40507717863174886,0.99334013140532829,-1
0.20562487859928613,0.5825695993512876,-1
0.83848595120882086,0.86980000180796369,-1
0.33568946849247683,0.95055903057862479,-1
0.9276038307768365,0.96561833299308586,-1
0.48215488919655669,0.90246185087199571,-1
0.54432859440969572,0.61808911156488988,-1
0.52569920543714721,0.59465062954890913,-1
0.41053488252191728,0.58857676608638343,-1
0.10638239334103494,0.69554183649301426,-1
0.10133770367099948,0.82689323186537211,-1
0.48919865350785807,0.54071622762119909,-1
0.10138429774373581,0.76967140666408385,-1
0.18544177161351871,0.34322085328584473,-1
0.57832341054074277,0.75680221895560562,-1
0.01274497481850223,0.83951187796803006,-1
0.27152206706082715,0.86189687897990919,-1
0.54451371597767873,0.91205295257723018,-1
0.047123535936986038,0.20222033634185477,-1
0.27217606897936464,0.7177567589235897,-1
0.041974249331379276,0.58377011729018147,-1
0.33380551294980565,0.77303246140696136,-1
0.41988033502262656,0.73397707991055761,-1
0.64931033211638145,0.85044071294922663,-1
0.18457828886200267,0.74866179882437911,-1
0.31948827592451978,0.42353522109405761,-1
0.0049839244144621597,0.40313565744660051,-1
0.057232827383061124,0.50123591002739842,-1
0.25659240610854894,0.72708947989355732,-1
0.14595721575824316,0.52568080885495572,-1
0.77836913671260344,0.86641827925474901,-1
0.57650610426015392,0.85626404159602143,-1
0.050295990408475322,0.74651039658015605,-1
0.063015986469823648,0.21508478599542769,-1
0.066361093219443834,0.36645024712476626,-1
0.16877204903906773,0.77240478929417733,-1
0.042369040570121363,0.16317349527723601,-1
0.03037126605917817,0.72860963470746765,-1
0.71032152591912434,0.89094833659628336,-1
0.50581300589412548,0.82594608608577058,-1
0.90557125696128327,0.90938602894794629,-1
0.65361912656352139,0.68972934722057577,-1
0.11688980033561347,0.62753768321112502,-1
0.21389235680300189,0.45445915859765129,-1
0.43799337041628328,0.69697956696400865,-1
0.31257871552696082,0.73753333343529537,-1
0.051834307816285841,0.67414925844189655,-1
0.14256544110649916,0.28421138799655155,-1
0.096839151030222115,0.82461760360681535,-1
0.2738394356559235,0.83531415066656634,-1
0.36923170281032081,0.73978162100808831,-1
0.43945765709747897,0.62833628136324826,-1
0.69263436682928936,0.86957356280737286,-1
0.22111392583611444,0.47327664068571218,-1
0.70561592204087342,0.95474455940672653,-1
0.51433038662561692,0.91792156713205875,-1
0.42973828917519685,0.49297094051344126,-1
0.31317451659148587,0.49736594870952855,-1
0.67434558446247383,0.80184046401261533,-1
0.15987907399928747,0.89507344145435175,-1
0.078377165505626123,0.50105481216484682,-1
0.11709381916013439,0.27080483170420278,-1
0.090941819955719372,0.69530908032629535,-1
0.28306447198601214,0.45810408554699533,-1
0.70913483152160084,0.99949949692789386,-1
0.42024237696007505,0.72013525515172538,-1
0.29610266981340427,0.55327780598124554,-1
0.22991631473397467,0.80880624378399446,-1
0.25669409279945044,0.43636651524807901,-1
0.3198517395127376,0.72406234444723283,-1
0.012017612760728213,0.6067390651923007,-1
0.32861777949007931,0.49623562625062578,-1
0.0090701965686048602,0.16579443617185119,-1
0.59812265259390807,0.8002523178782367,-1
0.03339087140622754,0.97677713748803396,-1
0.49936784195480899,0.84657928328547249,-1
0.11978788632477755,0.62976420663660848,-1
0.29175204902503027,0.77963382760266986,-1
0.1221756338791643,0.59812620896178759,-1
0.56751139104208081,0.85867068946913239,-1
0.24425527680322812,0.98643868252583589,-1
0.02212127214517412,0.35011065827468102,-1
0.58807487790058088,0.91942913375658131,-1
0.47097341414859262,0.70880455990234581,-1
0.10710194781953231,0.70040412191859946,-1
0.38263117135866986,0.51456606166296903,-1
0.65129853249300551,0.9567516031586083,-1
0.21947048791076651,0.58900095010800912,-1
0.41179542318458795,0.9751744718765557,-1
0.19851859909661063,0.79551166974515597,-1
0.0064937721588765873,0.29105842862244935,-1
0.61532275551672377,0.70712607688905549,-1
0.51505895920195577,0.56466423619935124,-1
0.21539277161509063,0.37255882818784836,-1
0.28545463240188418,0.56470684337656285,-1
0.44642376105958825,0.7095756230890905,-1
0.21311450644564423,0.69781954390723966,-1
0.083438148483418018,0.4211851017839936,-1
0.41199615845600968,0.50439284982879329,-1
0.27667747820162181,0.35868651932837259,-1
0.88709191805193588,0.94264488818987091,-1
0.47998105658563195,0.7486640905110783,-1
0.13006665031339137,0.50743692117306327,-1
0.26795241652378254,0.41913306056929611,-1
0.11104372931425976,0.9169820038477976,-1
0.18670023338612707,0.80693386440795722,-1
0.57677557743926222,0.99881213913994149,-1
0.47948404038671166,0.54817344130049783,-1
0.24998955708058668,0.37478990948585689,-1
0.28253871472813818,0.77661930949540026,-1
0.57352212804858782,0.67644628031704623,-1
0.43181296272586711,0.74441747416947357,-1
0.14715064717850868,0.39181860118673362,-1
0.68381078567571163,0.75622354741127373,-1
0.15483859190079974,0.3716393945414842,-1
0.64386366642646098,0.84922091952034318,-1
0.5090008057383224,0.55493189313776192,-1
0.079211812215466915,0.6305896251765698,-1
0.35676753343875678,0.89155941384339732,-1
0.081540830065840897,0.38547239475819428,-1
0.035267596917971433,0.34696199852050214,-1
0.14173098720463317,0.62307848705432312,-1
0.21401645464792862,0.37462493561528643,-1
0.39216966268951492,0.77190739783145201,-1
0.42349098783019046,0.85229736330008576,-1
0.76127138687720186,0.86987463248012653,-1
0.67539447734820823,0.93814684086761779,-1
0.21729736493256824,0.92722482575160792,-1
0.49628593004789001,0.84684308105634065,-1
0.4206525330991473,0.69611093840322735,-1
0.26252468883476088,0.44960057035610868,-1
0.10487489399285232,0.96449208170432721,-1
0.19626190130397381,0.50221315767229369,-1
0.79574089891666766,0.8669793835767412,-1
0.71571395094300627,0.84442235448758307,-1
0.0030438498036319261,0.22944210368561635,-1
0.10510169226781674,0.60700848255614848,-1
0.056449922722114798,0.58234620933875691,-1
0.47819931795386228,0.82521142162143446,-1
0.17475094259842894,0.35319718165482594,-1
0.22786195906382445,0.92845403586294484,-1
0.94266665688726359,0.94287031782226682,-1
0.18775457692637643,0.71591779038669812,-1
0.30479728386347726,0.59747511725776914,-1
0.33630602838065016,0.62235145316924478,-1
0.31455774445670492,0.90101570746377313,-1
0.11483793040260037,0.28712099568573668,-1
0.14217781110832983,0.87795822705628668,-1
0.044012050246054146,0.94875482640359943,-1
0.70155433033475645,0.80082088208297009,-1
0.81519741644871535,0.83078325506866746,-1
0.015923693462050803,0.65851006675572776,-1
0.022560319876001489,0.8503001364109305,-1
0.078501554738159007,0.85325738685461205,-1
0.62116776695199394,0.73843089662762651,-1
0.84743423641973237,0.89955754063376803,-1
0.54863144324644764,0.87974785482171891,-1
0.62666396772275856,0.98161663993634707,-1
0.65018952800437713,0.8298880540428728,-1
0.87167533022507027,0.9048130252009271,-1
0.19690224049154681,0.62090420855077588,-1
0.12507775794754206,0.30567112109948402,-1
0.28252164745901442,0.62202196223254569,-1
0.18480008131875902,0.63959708528331127,-1
0.078197131577204759,0.63609699781257301,-1
0.30867271119402462,0.61473128519028986,-1
0.50527734946010017,0.9916237726943149,-1
0.50741014460764433,0.86615064589308255,-1
0.1793695438776669,0.57913867105884964,-1
0.65251876910789308,0.72966551488512077,-1
0.058740318542443104,0.86425166192620739,-1
0.3868895516257741,0.58792919287628487,-1
0.77662617595855565,0.91794989237505697,-1
0.20517489210507556,0.29746411436399811,-1
0.15517077065494034,0.3988939727188997,-1
0.29008828739087256,0.62245087855949477,-1
0.14904905154643722,0.41553814623771745,-1
0.93918717894808024,0.99844262752815682,-1
0.0098206267680680526,0.44392691844577636,-1
0.15086176777765925,0.36522795387237728,-1
0.34679454239281993,0.90734821921584152,-1
0.55811803682444816,0.86684330151182953,-1
0.70684179569865335,0.93484169412845608,-1
0.58245739017166021,0.88951304251404173,-1
0.054666245840488847,0.6032769907242731,-1
0.5355710987849287,0.81244526081307444,-1
0.0070911130612331119,0.34780604542344595,-1
0.16713909363995805,0.97437518950213986,-1
0.10265497530385026,0.34208826805780501,-1
0.29277817879923629,0.52556003219488601,-1
0.093154745627464286,0.40530448828733023,-1
0.5687778482032344,0.7178161614713422,-1
0.18389907812270101,0.47207686632674151,-1
0.50233030933924816,0.90878497304408412,-1
0.08749782322396582,0.7567803585429651,-1
0.53558746112180344,0.6602672572225422,-1
0.23755758435444485,0.84795510265646734,-1
0.37537457935381069,0.86011522469017654,-1
0.22040797788859146,0.89315113039545557,-1
0.42441414368683206,0.73035056711135915,-1
0.0991108647490061,0.56586673105761698,-1
0.11912700677524379,0.97330090479943432,-1
0.14636430471451578,0.60967749995347476,-1
0.71211009106470324,0.94542678828612869,-1
0.3238248692934832,0.5828312486995707,-1
0.13970879602009045,0.35624996380077323,-1
0.0090109633195806227,0.82408104211487843,-1
0.24086761089435171,0.49640596214327404,-1
0.34330110737229891,0.62019387325051589,-1
0.40362759781868174,0.48506394667471087,-1
0.67251034636108975,0.78192136816875335,-1
0.12170504141150451,0.53022957240662616,-1
0.56808108580103855,0.61609597567077046,-1
0.92501291129962171,0.95304895019694369,-1
0.20268215119110089,0.57862578737848158,-1
0.18422471804342366,0.33745135614230759,-1
0.094569154331111349,0.67975526917210805,-1
0.3203583218062388,0.60715175476700001,-1
0.50519620860914971,0.63337590684052392,-1
0.48023949574650493,0.91017924337776668,-1
0.0077578401728600754,0.16149970454834728,-1
0.18770887754000753,0.98787481769477292,-1
0.29294947294887486,0.42593492304737357,-1
0.2254253082379517,0.60762303297506737,-1
0.1830671871100239,0.67286081306399115,-1
0.10881149147484603,0.35952619724541324,-1
0.034640188307401898,0.58018857191842133,-1
0.49901702551376448,0.61781387324566461,-1
0.16971124778203051,0.6382650401757296,-1
0.83320222660203103,0.95954839165974271,-1
0.2310156610903743,0.39123831039351542,-1
0.62877665052820364,0.68892509163566185,-1
0.047609035984904735,0.30351066973588026,-1
0.45081621469582112,0.83907403341043496,-1
0.11563353109129682,0.98631879706643366,-1
0.97541383469055321,0.96531767668351298,-1
0.13683776153170291,0.80020306467192925,-1
0.36643764901230114,0.63394020999948619,-1
0.12280127871981483,0.56161752647562091,-1
0.47831854956007702,0.89172261306045175,-1
0.76706414161938785,0.97053473107619026,-1
0.072299503114080399,0.45111984330431365,-1
0.59522102389869469,0.85114483882135827,-1
0.30797048596439813,0.65702782949791716,-1
0.056375337877067944,0.46166958545471903,-1
0.3136492774238514,0.45268933192695116,-1
0.24507213671697714,0.53080112152999093,-1
0.058044305253284412,0.64454987755311999,-1
0.55004130332746504,0.89928287235783899,-1
0.72940711520729218,0.86476886867663694,-1
0.17366975153559183,0.66785761641228392,-1
0.080981636372639554,0.63097961718469053,-1
0.48740058609214032,0.9782477784319501,-1
0.7138584161460263,0.9748556313077873,-1
0.27385393548753856,0.7289434956443781,-1
0.027428428798469517,0.51245887220415487,-1
0.48401380086738988,0.88497688336195568,-1
0.16151093884614331,0.58519578850093001,-1
0.45945772509564886,0.80881756124172943,-1
0.14943039264638569,0.366518469416656,-1
0.12477382394844572,0.78809993782086962,-1
0.030880361210434581,0.7583300482874713,-1
0.35886815925460347,0.86971884189420645,-1
0.24937875270365295,0.90727985925746091,-1
0.11561152610014591,0.63473814409837548,-1
0.69514451309495462,0.92466208229490643,-1
0.12324801234929217,0.37288728886330158,-1
0.58896143628999753,0.69626575944624403,-1
0.61055946966176478,0.81334959499385961,-1
0.32910444164832231,0.53651368706798586,-1
0.36701248038979684,0.57430476601142189,-1
0.19377603570730062,0.29887758992206248,-1
0.034423596049146132,0.76385247483187546,-1
0.68863022105107186,0.8034539091886298,-1
0.6202161581688509,0.89456727867737729,-1
0.75084322185921581,0.8368470532339245,-1
0.17929758574858068,0.32941105657597891,-1
0.21016210438013971,0.36919050678099441,-1
0.18853069939337441,0.28145035687208608,-1
0.28415576612315585,0.44024495768785954,-1
0.21607607638686954,0.54362904767547549,-1
0.8365158508412035,0.85397082777197841,-1
0.43142471496890544,0.65433924358382523,-1
0.46999494351925675,0.78696286903216051,-1
0.80783827443329181,0.9091461862260436,-1
0.0822854468209957,0.91575405103624719,-1
0.18289902043252382,0.94091027581868647,-1
0.15075827249838392,0.69378407876582426,-1
0.043307003057506233,0.81155230555632718,-1
0.20646471192034455,0.55869553104024694,-1
0.094893172131573889,0.37357473842593869,-1
0.91727979024323725,0.98502269703741852,-1
0.28839886332604936,0.97410053699461019,-1
0.32370149239883161,0.71536960434915198,-1
0.95159238433800475,0.99578155688195269,-1
0.037854273224621426,0.57538701033717565,-1
0.28023362180584388,0.36069308095880259,-1
0.15817657333792656,0.52868109993183021,-1
0.46583086567875853,0.92263019280024627,-1
0.090165052278909696,0.47623279024818266,-1
0.064586759616858669,0.55113292956648463,-1
0.0062909001167424927,0.33075960132692317,-1
0.14465497297606644,0.71731466022793955,-1
0.018916268861018826,0.22110437707583519,-1
0.085550844024338768,0.76093041081032453,-1
0.42747105997621848,0.97582266005114104,-1
0.50801578678169612,0.68476414735923985,-1
0.028176585228303686,0.6669572395382678,-1
0.19742816537070063,0.66671468982674997,-1
0.51431818752694236,0.96949053842912392,-1
0.37392220069686388,0.49607422345102126,-1
0.74723067954315359,0.85356854886781497,-1
0.22160558554441889,0.54591850804494935,-1
0.076712162340514367,0.83703150486271327,-1
0.41688445500635896,0.92942763102257242,-1
0.47124358374342779,0.64170192764107137,-1
0.74257236037526986,0.81765086292924993,-1
0.71231456164855522,0.76225778070279215,-1
0.049042381209236763,0.82067713011898114,-1
0.20571470422353344,0.56840455583941496,-1
0.028414999269622099,0.95975629599311008,-1
0.17452084914098676,0.65591812148993667,-1
0.55010059367988207,0.82057048288360401,-1
0.026326997620989001,0.3824077294945708,-1
0.38259712088972953,0.82571023866467597,-1
0.62567562489482231,0.80339194175093631,-1
0.57145059256807162,0.61925392370220378,-1
0.54888272428566531,0.63195030346139358,-1
0.029518429887914865,0.45275765109759347,-1
0.047200655744092157,0.45202965886384139,-1
0.12866596507580974,0.63724430360790774,-1
0.33692389785863264,0.86947246805973266,-1
0.60580281729975693,0.74235887956790192,-1
0.67826224446782157,0.79474976436047196,-1
0.19995623275408481,0.7364005429893089,-1
0.032192478337611408,0.40417566402884042,-1
0.033457565720515281,0.5122991146287732,-1
0.46783941282953978,0.59100897811543351,-1
0.023539460955632641,0.1952527444217107,-1
0.22319446294599865,0.75980549838632649,-1
0.56981616374002964,0.68223896946336116,-1
0.31138459654754258,0.95499926436196336,-1
0.38863965784617127,0.85704154880855388,-1
0.02964317380948811,0.95907977598421035,-1
0.045716000172733917,0.53959321825617534,-1
0.27389479704530229,0.44387975435034421,-1
0.49542888750553904,0.66612821911651976,-1
0.086112571912424385,0.25307417786450515,-1
0.30739764244403056,0.86503083092634059,-1
0.20061408938758729,0.75223308063504424,-1
0.21209347540775292,0.48900613116073932,-1
0.089008103210654999,0.8920152177035906,-1
0.18226440622600759,0.3510716348081957,-1
0.74878798677021208,0.86820929938917357,-1
0.14883866503625809,0.98688392676741155,-1
0.15138831451336943,0.39430215113722222,-1
0.089935623574846524,0.53888748092184569,-1
0.18412436778276797,0.61780649475944649,-1
0.48901357397336653,0.99676503135036509,-1
0.012196815194782107,0.28810452686141896,-1
0.11133354711727061,0.79533820033045,-1
0.3654741854631105,0.65087100494835748,-1
0.75051310566385865,0.79055736893275985,-1
0.74132207857324106,0.98244435546905151,-1
0.16415952272767753,0.72516509972866317,-1
0.34892208581870354,0.80088818446995991,-1
0.24668810101206096,0.33077206925735225,-1
0.34943082598701491,0.73633571838946488,-1
0.014993330165302132,0.89642188986118321,-1
0.043883400101382919,0.38002430773473306,-1
0.19943503511337268,0.66035722011781517,-1
0.51774477866479074,0.90610221866466445,-1
0.81787405366242072,0.88096191330573637,-1
0.1838875795291729,0.74352560051037597,-1
0.36206710402631115,0.93081323142825156,-1
0.83220934488775966,0.90394381334268115,-1
0.26898771818835765,0.92011704078677903,-1
0.26004515384430749,0.77263948474792554,-1
0.96682793403324163,0.99334841538273011,-1
0.54628588471736483,0.71110530905249569,-1
0.3559142200950689,0.51313617313513316,-1
0.59207223042045654,0.88582268665173836,-1
0.35337375014607719,0.62014348478014203,-1
0.30139415740951225,0.44073938753116626,-1
0.56055879256624619,0.62694253846605286,-1
0.047393613477229257,0.8035159272001019,-1
0.83880479999910718,0.89430868374597916,-1
0.3006502606886523,0.43434419640424815,-1
0.030899216225617088,0.91902180291792079,-1
0.39302941328513263,0.66960710431499149,-1
0.19297503066254462,0.81709941269601682,-1
0.43772099354335925,0.94784518547705687,-1
0.44267254834591852,0.52793010097119997,-1
0.082109180950196814,0.77769337462192534,-1
0.4507345228723294,0.64266599002383196,-1
0.39999234758884383,0.91707515169987219,-1
0.33469961932143444,0.84871163911454972,-1
0.33083355999210318,0.71867438752644264,-1
0.16468763879476966,0.63460374902355432,-1
0.14608181333358161,0.7240651411210911,-1
0.11713015449125719,0.63702800657034853,-1
0.32854958863287176,0.44631183949083963,-1
0.13855439318042884,0.91502046850295549,-1
0.27290524837476737,0.43879947644768347,-1
0.45942530209303567,0.62286210992046154,-1
0.45181562214296889,0.97876707382633188,-1
0.58944375702693208,0.9349890697994383,-1
0.70744429378225948,0.9236693851403075,-1
0.18622933878670533,0.41698721170112663,-1
0.051816492520843305,0.97228305032251516,-1
0.26822019231470817,0.66731144123222508,-1
0.10277105035459022,0.87535058330168003,-1
0.29267259041308757,0.48487047082089219,-1
0.10463839433377919,0.50532713596463641,-1
0.13014080883460011,0.46035466359056587,-1
0.36347237643372377,0.91529823198963323,-1
0.14404843574596748,0.37521255877159598,-1
0.8992058224939169,0.97212843259478543,-1
0.1571676933206031,0.80026714176210489,-1
0.010806037325512885,0.47558016593032293,-1
0.16648049388769359,0.65842598165568245,-1
0.034447068288273264,0.4223751911777075,-1
0.79411845738550291,0.95106705566928373,-1
0.12043939088122257,0.80635869799517113,-1
0.31270877886800619,0.66850594528506502,-1
0.41345606894768017,0.58486931459082492,-1
0.26181950921616315,0.58862176814495726,-1
0.77943841524028357,0.79157684156272556,-1
0.23337221925177498,0.51645520613833906,-1
0.038373823123298956,0.40141011450571973,-1
0.46635279044748201,0.86332663572454227,-1
0.85472372164912802,0.98074442700690989,-1
0.14166909816049023,0.80491907740547852,-1
0.43102194854203013,0.71290530896169757,-1
0.93386890626790209,0.93756399703779647,-1
0.29342628805086779,0.95515069245668593,-1
0.41146940229230755,0.68753472705571228,-1
0.72634677977531448,0.94831462831737978,-1
0.51858066972940497,0.95305846222351998,-1
0.57200841226798826,0.800292190641402,-1
0.2276392955049058,0.97638994258316647,-1
0.73908072388983481,0.8551277011292282,-1
0.084487747000119962,0.75740153026741353,-1
0.68624394392894694,0.752384318751112,-1
0.67732675589730407,0.90191961010255361,-1
0.51440013638256932,0.92149878223086645,-1
0.63121170122867853,0.89385935619424051,-1
0.096871965012115924,0.63340760431645282,-1
0.036697386338090721,0.30312781451518866,-1
0.092814292760915018,0.24630423955841263,-1
0.460533888440807,0.99885636406363532,-1
0.13936899738049324,0.73164466736758327,-1
0.024484075045517084,0.7987161938007219,-1
0.63614267465878038,0.85654570841014421,-1
0.17156179534789695,0.57659610530481387,-1
0.040763215710144296,0.24891075061426848,-1
0.61599996623953956,0.90469069326526186,-1
0.50300564043065554,0.70074373004341772,-1
0.79950191303831974,0.81383200775812981,-1
0.087183000429294499,0.97946322963785326,-1
0.48759409278146415,0.63033473894410796,-1
0.20633778729765273,0.72356680681100771,-1
0.19679776985936925,0.89796677279129655,-1
0.43251713193934438,0.72090064326083769,-1
0.34298442435680632,0.65055616389364512,-1
0.170550994645155,0.57640404664533984,-1
0.3768300954631445,0.89426967070495766,-1
0.24998426540525776,0.6469277092299327,-1
0.18874497132430301,0.79641964484767103,-1
0.44667802726763906,0.98636511644039704,-1
0.18634428207615539,0.95410119007209082,-1
0.27821182695576985,0.38625341366549903,-1
0.46846563040620037,0.77202863794938281,-1
0.47158791452716853,0.68633980226169755,-1
0.5517873410311106,0.89654295284893692,-1
0.61466642284707562,0.96347867819875943,-1
0.55297185972568486,0.91122824412852343,-1
0.50487970898428669,0.56037107164029198,-1
0.25777877071278288,0.56135213152953545,-1
0.12026625947800429,0.36677435819677928,-1
0.11456612180909109,0.83929526035972202,-1
0.39233879791655157,0.73399019399813981,-1
0.040500847913314986,0.44654495350857781,-1
0.30827730285253796,0.7277031542565443,-1
0.2301484920409963,0.95768261886017914,-1
0.49243606947854279,0.64001473297636824,-1
0.78278404065123963,0.91545480570745164,-1
0.41206135514100806,0.97164639584000012,-1
0.05320173232442349,0.8257511502229764,-1
0.19173597649203611,0.65272972265971541,-1
0.41779967275363727,0.82397421116837755,-1
0.018493070005376477,0.90092807539794773,-1
0.39692729947423544,0.93621900060362262,-1
0.36035562551994849,0.89161109555124363,-1
0.034027226087307794,0.75534512862002257,-1
0.14161525437664702,0.53543453089625004,-1
0.38592065737039394,0.72763068852196944,-1
0.28048943050578645,0.383316465869177,-1
0.18412187827751125,0.74801652325408119,-1
0.038042807509815257,0.97155700809752388,-1
0.20561162677390288,0.42798624332415947,-1
0.416986430093504,0.74408259293571988,-1
0.67068109009115173,0.95573521639173453,-1
0.11751289822864219,0.20747212721907626,-1
0.27481220523367855,0.73515465045808792,-1
0.32233959969042592,0.69527473063988943,-1
0.18297938264833713,0.49745459301623696,-1
0.30404519803959007,0.83526278583482239,-1
0.3493405100532847,0.42161621024791274,-1
0.059378052166134565,0.32218590514158008,-1
0.034580377854572686,0.69978667075511136,-1
0.68363713235993162,0.72228967568422586,-1
0.58047632403151905,0.74474224971516423,-1
0.57248463195434018,0.6973587764775625,-1
0.11194014981999911,0.90579247629812343,-1
0.33749821790735368,0.73009946136451076,-1
0.28367766554662222,0.9495964688768932,-1
0.092703490808547229,0.20011988340953635,-1
0.30603039253633624,0.37608340270472895,-1
0.1124699965085475,0.61337837167622011,-1
0.18430378159589611,0.75860526993382527,-1
0.13125110542785423,0.64623189244424972,-1
0.47650646254145601,0.55916570778213759,-1
0.079478746998081884,0.85406576917798349,-1
0.35857773316697161,0.79860450784771908,-1
0.46763004266454211,0.70933041801023722,-1
0.18971645459183972,0.29028295160346784,-1
0.42215006680861544,0.65592925141334191,-1
0.055517130311583007,0.67655429196329242,-1
0.15215435102083696,0.39892252481331003,-1
0.34137667814754269,0.66882811377676799,-1
0.69638109535893644,0.795499603795219,-1
0.39907603895618404,0.61704767536196414,-1
0.72296642255491961,0.80821754967052606,-1
0.77994579164579614,0.79856765734566215,-1
0.064613309100518879,0.8656959474107665,-1
0.13866159559564306,0.83486282832512604,-1
0.4373043043833873,0.99981490259019246,-1
0.38064137463546288,0.60004701148934625,-1
0.11922365363608789,0.51098548873621985,-1
0.24443850697680247,0.87702898731197199,-1
0.17777853474643124,0.32261023340621831,-1
0.23436476323809696,0.38509247035500582,-1
0.96422961988324318,0.98877868067673902,-1
0.032234015851806852,0.20365698243136787,-1
0.38080162936152395,0.54311119735301505,-1
0.21165614098208829,0.89832168252852518,-1
0.58827513594921266,0.75058860608665934,-1
0.73860685531364723,0.90640737239405578,-1
0.12215984930053658,0.31519626578995152,-1
0.10526732401270977,0.83085974644051086,-1
0.061568202324892574,0.73385385028273553,-1
0.27724428540381552,0.61926219378328617,-1
0.51024443653888218,0.91760293376642399,-1
0.22973322806477692,0.50920251648107773,-1
0.18826913584197591,0.76561797561909894,-1
0.28545599226588991,0.50350713946793479,-1
0.32420950296861506,0.47080167301245268,-1
0.37735984575279891,0.56204385381999999,-1
0.96734613799339075,0.99659385841901593,-1
0.022072297860776913,0.80462513200896457,-1
0.50197981206852682,0.91491465217000478,-1
0.70007482722776626,0.87047840101184848,-1
0.0036164924240725815,0.61704229232640218,-1
0.44759689256857804,0.58310172061985288,-1
0.5578772348436124,0.83857774146377007,-1
0.12291952764516312,0.59374682896911146,-1
0.29094988394162724,0.73039826263676066,-1
0.045205063250325472,0.28204985247456704,-1
0.36455044577163642,0.7774653700966162,-1
0.70770298381569929,0.86741099734182514,-1
0.18961741847802327,0.74212111391490476,-1
0.41128484269925358,0.99775542239921799,-1
0.86080086026140179,0.92632964174682508,-1
0.08721505754935277,0.89937454590950516,-1
0.57613177700450668,0.71616201091205911,-1
0.93534576900216582,0.98896805126963661,-1
0.3006884307247697,0.86485809592252416,-1
0.33715426170156104,0.81646001509824939,-1
0.056994798291848059,0.20813463664424225,-1
0.22401941460716324,0.76624626674425622,-1
0.20083159171082565,0.76205170178413661,-1
0.2714824208716492,0.66894557296286639,-1
0.11848572014130121,0.42734695199429051,-1
0.28752078417733162,0.91451255235577966,-1
0.29342096846519183,0.77980371814143778,-1
0.047144970915397488,0.51259428797160234,-1
0.097753631195652058,0.25592681106723181,-1
0.24874017706608653,0.60596610377938798,-1
0.50625615424322656,0.84501966247625304,-1
0.13227577100090138,0.61330766025331573,-1
0.29167056965020033,0.46030497191378228,-1
0.51559866407038901,0.60009779218611603,-1
0.032854160688173928,0.65282762258852833,-1
0.36240155569510057,0.55151355580978201,-1
0.08148378325271366,0.69604140745146459,-1
0.030948059577965314,0.35322235201113361,-1
0.70232110453397645,0.79586631510559225,-1
0.067077831073945382,0.385090402628396,-1
0.31691485445307022,0.91270999066302794,-1
0.081693885099449193,0.80250458189567586,-1
0.47036355910712235,0.54018493679904156,-1
0.26426934386745116,0.76223395003054129,-1
0.30466353427991177,0.65291436195581842,-1
0.88870271175132443,0.89658054132670595,-1
0.31376628115364236,0.62829094388067619,-1
0.34378416049791138,0.45441507402759329,-1
0.092679681401107272,0.40163574589293827,-1
0.089862860968989877,0.71556537270948151,-1
0.92962735588775891,0.93192485179076723,-1
0.26237932942015718,0.68394120467178421,-1
0.59505210721795376,0.99762841239453537,-1
0.21908870629053878,0.65411394523082889,-1
0.41701643860351767,0.95321200833503439,-1
0.38130803305233008,0.88426350631720552,-1
0.53701671152072927,0.85342976915767177,-1
0.49170697776906425,0.57031244633100742,-1
0.54628598829651498,0.93201175724429797,-1
0.038791343503818521,0.3564556260295737,-1
0.73549199677714661,0.85193358289151921,-1
0.60082575750845202,0.85501096578816704,-1
0.43695831188298884,0.50523413836622766,-1
0.75857585845299191,0.88622332692593153,-1
0.37642583270038554,0.64635141393093476,-1
0.11954661206174055,0.3332712361763861,-1
0.63831752525690955,0.95628890793877108,-1
0.19400913117488816,0.45967912789954002,-1
0.53064018223156839,0.72068485926965498,-1
0.15883454601695535,0.77017617434631813,-1
0.010809692853069097,0.48713951294147939,-1
0.095898917507775794,0.79259098942427797,-1
0.45647823960169653,0.98526043610076497,-1
0.24276018154660506,0.5364965600879823,-1
0.32709278674571129,0.92509636614151136,-1
0.036594572418300553,0.78340374072459429,-1
0.04095113107164905,0.59062181094856747,-1
0.089608619486983954,0.84211588738906573,-1
0.49841089021380414,0.75695890477005934,-1
0.21152364084046926,0.51962764084587243,-1
0.11456480643984324,0.35129416966080107,-1
0.50261626969009265,0.88910658603655224,-1
0.88539100625077571,0.96691351332680253,-1
0.63916679717750957,0.72890664141625716,-1
0.42821896369594448,0.5439359122967965,-1
0.52017508757987641,0.87688437085944126,-1
0.66736400971889209,0.86179143763935684,-1
0.38613082112212149,0.78026742699869955,-1
0.79862352759210864,0.99149424381477591,-1
0.73217661658393229,0.97065644429038367,-1
0.37467674990301669,0.56367969514020089,-1
0.44779209015118182,0.78982379138004832,-1
0.69301698712771387,0.82344885383204158,-1
0.21549838372861707,0.68559901939011769,-1
0.21257183975426008,0.55759413885407361,-1
0.014456023386682615,0.7312193596498483,-1
0.27950862724848013,0.82935174872065998,-1
0.34091539066988397,0.77864435314577052,-1
0.64862678931829298,0.78307754368880211,-1
0.66868043940360578,0.85288532046002363,-1
0.69959243333301757,0.93569099833770364,-1
0.48548692324443032,0.9319202595659446,-1
0.21522288840420289,0.97527427757755158,-1
0.015291821520113213,0.67977183667751007,-1
0.72838460491957002,0.92504949768933065,-1
0.88302331490184194,0.96856428540672779,-1
0.350110071855122,0.97980737624431069,-1
0.14340564546252732,0.57885856259616275,-1
0.81609816157555104,0.93362865862565769,-1
0.69386510461980222,0.84346957766935216,-1
0.11892345669824689,0.86556005093283084,-1
0.27948236064933396,0.76909385648045636,-1
0.062174370560394654,0.49243967381270304,-1
0.031180429349083494,0.2088542667373231,-1
0.28010597880115073,0.80574275452998223,-1
0.20239614200446421,0.62153242620123039,-1
0.70673974591685618,0.77151552475650087,-1
0.020052241083138078,0.24484526162092335,-1
0.057795825680494017,0.22798019612297582,-1
0.3206114841399309,0.39463742187182027,-1
0.24073541358630646,0.98423772842797952,-1
0.12996090769418112,0.92726905035706297,-1
0.31271059123593425,0.88683933205262777,-1
0.13052848294388364,0.35471416572274983,-1
0.46055995792919779,0.51262590278969966,-1
0.23022297000064573,0.62523401006565527,-1
0.22721550642741351,0.97202671979776978,-1
0.91175067374263641,0.99479335482526521,-1
0.45801615495562231,0.97197873587435579,-1
0.27842350962955553,0.68107754605844861,-1
0.54425585354160133,0.70241986784610533,-1
0.14375417275038282,0.95429338727657409,-1
0.065486167377572735,0.60398791866306567,-1
0.040940990071162142,0.39246551928321372,-1
4.8069704465358853e-05,0.86164005353890705,-1
0.039412598334758076,0.92117187109958953,-1
0.079530048653638885,0.24336678858386684,-1
0.44936301076592511,0.91084822654699016,-1
0.22650084855226105,0.7230835076878579,-1
0.59652486416899464,0.88523888513555049,-1
0.16630908912905495,0.75847518771394828,-1
0.041664777334304071,0.88060317915869801,-1
0.50864145891986601,0.96141476848024687,-1
0.54359633357592119,0.69443898695234851,-1
0.22719141062032522,0.8960510037466114,-1
0.55685782904473347,0.92400718446919883,-1
0.22545552271173708,0.3197861334758908,-1
0.029195869103677552,0.47223328044460822,-1
0.086369653167799654,0.53154720424068069,-1
0.063670982869400206,0.33033056955048212,-1
0.18029505143205038,0.8330859857674382,-1
0.35457807884475112,0.52092353891957033,-1
0.19724522096339336,0.70794460143650451,-1
0.69612665872143653,0.92290539497965796,-1
0.52441088416462889,0.6997345276077972,-1
0.78477419657012992,0.97672434087698357,-1
0.50780490104422549,0.57996232626593924,-1
0.11939532106591111,0.34606984944893404,-1
0.074328887477149386,0.32637892127925483,-1
0.20973034897836562,0.94019631373320967,-1
0.35967542173304556,0.74045759837388359,-1
0.33305981330014645,0.85150473745788491,-1
0.56815550690185412,0.69908750907678774,-1
0.43799101107684801,0.56970158306206031,-1
0.020993552973283536,0.50960775232446898,-1
0.30641416546261513,0.98322316267198251,-1
0.44100774777279006,0.87129111311007557,-1
0.54194195340436557,0.75009159078247856,-1
0.093299846146898346,0.67189244306948381,-1
0.075591501582201404,0.74613780643354721,-1
0.13608465025629768,0.7567417310695701,-1
0.051663749639662804,0.28419935744530289,-1
0.37362595016573641,0.82005971550957246,-1
0.49069021779439548,0.93351927364375664,-1
0.29995980324089977,0.88506547028473548,-1
0.61010656252727402,0.67065326499811984,-1
0.31977887649834813,0.48116525927401532,-1
0.3935621868230077,0.60792353861273518,-1
0.062700690289439809,0.74496751999522348,-1
0.2953096771823247,0.4599867284034086,-1
0.015441912787817702,0.72578059093756953,-1
0.049025348922909107,0.80941067866102134,-1
0.12501890647089919,0.61943181236283329,-1
0.16264844351215157,0.61576030718422037,-1
0.70948014062183307,0.76156869563210861,-1
0.23739533417303693,0.81504831334005146,-1
0.78055848421041341,0.82494183864634141,-1
0.73615332345281537,0.9744218492385035,-1
0.25369421314452167,0.76428389337299862,-1
0.56683644590238857,0.67926279347090224,-1
0.28871805367525183,0.55526213305758187,-1
0.27984809460067495,0.39152483523147796,-1
0.72686179638134429,0.94880306893253563,-1
0.52280084752067513,0.75937457174226675,-1
0.46878533790529742,0.88578906104694832,-1
0.038003515800552057,0.78634830307020143,-1
0.23863183813427113,0.974762217849937,-1
0.162548386547406,0.59297887514961922,-1
0.11196225378182934,0.67862812972688757,-1
0.19618477758809605,0.8134486295531026,-1
0.656406307493132,0.78390102777215109,-1
0.35681967222447142,0.89908378903897912,-1
0.85244616247072591,0.96609773199408455,-1
0.013047487471832153,0.40832278605164796,-1
0.17787881744231138,0.36988808398024953,-1
0.27949814888099422,0.73265774137100104,-1
0.60979926532095607,0.91194464874817149,-1
0.30152396633622003,0.83237256522068592,-1
0.17332465615231551,0.62099581531548609,-1
0.27029589495564899,0.87355093065216183,-1
0.1673153730456145,0.67385465110934939,-1
0.53398694333974284,0.5814727884442572,-1
0.64265551926475328,0.71437033651889792,-1
0.27969530449927682,0.62308828122708826,-1
0.10834646451255814,0.22171727972681621,-1
0.18237253111940654,0.72077685114740497,-1
0.16080657395061559,0.47578468322706546,-1
0.25474198477605303,0.49206294830537023,-1
0.55328397639861215,0.69079778494616073,-1
0.036329874110825888,0.86233521846730343,-1
0.27911365098192153,0.60753956429687739,-1
0.22074272817408613,0.72632469453770898,-1
0.27274639612310903,0.93747445508573757,-1
0.064376290341619846,0.43731677350390674,-1
0.079208248043023177,0.37246609056842384,-1
0.30050279712858896,0.86822897770023577,-1
0.41581359130201001,0.89159526097998021,-1
0.12967459531986758,0.6774243978694966,-1
0.073860018590841348,0.46166132298084517,-1
0.5775447194889286,0.66943890710044429,-1
0.42416078911619837,0.70051878575572246,-1
0.062463093485397025,0.64884420054622327,-1
0.32593859244650114,0.49602462273091452,-1
0.33590445640874644,0.46034160364010901,-1
0.38082398734795242,0.70768205302095211,-1
0.4883385038867033,0.5376747304906182,-1
0.49122314758338537,0.66378274254422576,-1
0.19973085362338761,0.35332059216579326,-1
0.48055293290452239,0.94627311253590773,-1
0.023881148053524259,0.21782876582050392,-1
0.57795517564005994,0.66056858488294001,-1
0.25922729897739227,0.50998009020725055,-1
0.22209646541189143,0.32815898534210985,-1
0.37908118165941806,0.60882249224542462,-1
0.69542098108161043,0.92119083679983216,-1
0.68070669401700901,0.99354491648036214,-1
0.046819603774294949,0.63558744731240346,-1
0.16154349315754601,0.35823676234915147,-1
0.42275589415519266,0.93424087867238514,-1
0.32819460415665225,0.78338150400348383,-1
0.54805764299244575,0.78341420142959239,-1
0.60457296628663071,0.82321002937384014,-1
0.16695740403039772,0.94994487957943052,-1
0.6728793117530758,0.83333309420433466,-1
0.37197989302051193,0.51775278901045774,-1
0.18094990670004085,0.41712385788170714,-1
0.39917610342099397,0.55123497461289239,-1
0.83637296477101331,0.95880308807532744,-1
0.29912529031575164,0.99340792521410903,-1
0.66335509910268886,0.88187549105092788,-1
0.50541488359562081,0.048321360172589589,1
0.73624641293312598,0.15308528778854014,1
0.85268960172831421,0.14186539251882213,1
0.85418295480503514,0.34254618121819136,1
0.83633814497541692,0.3475348542391663,1
0.81288915881959989,0.0038859088613125703,1
0.74446306281056895,0.24333417377289412,1
0.91743553231263186,0.41650965117916794,1
0.91364625596839733,0.31126584466890372,1
0.89756896304345368,0.34573900879715058,1
0.92551790932270539,0.28107016910255556,1
0.89222073615544872,0.12807070394481523,1
0.89794745610072435,0.21756000562694022,1
0.81420810590029224,0.22624928617810014,1
0.88962555131464871,0.21780818705216465,1
0.89842960285257278,0.28100896058056635,1
0.81991301993577437,0.0081743391299943235,1
0.8656086256844534,0.064960429482892823,1
0.88403923952289443,0.065678188520015279,1
0.84019347793037036,0.17958104284905829,1
0.80467542555029059,0.02894485731238805,1
0.90555606501734254,0.12716670726514745,1
0.88079301579583591,0.14982776566406231,1
0.79529309673320348,0.14596336128389453,1
0.81734257186458092,0.066509831998316837,1
0.97175767489022802,0.31141715120023805,1
0.95061757449141904,0.055466851452843358,1
0.80980585111506365,0.21093887507143683,1
0.87918218413179483,0.37557698645790416,1
0.89251905495089479,0.28698052772133864,1
0.8703781088688658,0.001477710209059957,1
0.70192534915360139,0.19765677430002926,1
0.94295338539120155,0.22611721882863567,1
0.73773742225958694,0.043179040356345566,1
0.64149467577716368,0.10626047708904462,1
0.80544616026825455,0.059027970367996785,1
0.84455072970400435,0.03281724799457808,1
0.97765632230953037,0.079131017395528858,1
0.79375160376907028,0.013407666618539538,1
0.54747287693294588,0.075042475253559449,1
0.92133965376618787,0.31937829887503422,1
0.6109266679788331,0.085743606726087607,1
0.60616468544780688,0.086584819186299233,1
0.83010000293542918,0.22166805034483805,1
0.82068141119071503,0.12618026389445713,1
0.87268444485141139,0.27349178658635609,1
0.98610900739277907,0.29617566673882645,1
0.94491100473397016,0.076350948733480251,1
0.61857577445644574,0.13328178305518457,1
0.78254916252457885,0.14305869216019895,1
0.94513040276776283,0.12441067922941607,1
0.65839594227493814,0.069913262537241172,1
0.91378200733620651,0.26052680212376844,1
0.75390112511797991,0.034085545122607419,1
0.76297749122171366,0.25243622838535429,1
0.77999714002473608,0.1459426833986267,1
0.90691765906948407,0.20184817720652959,1
0.65760995112137322,0.057400699222803442,1
0.55754177891274104,0.0080326841617599509,1
0.50382977411395613,0.033229149462273955,1
0.79397153581408775,0.078105165864152837,1
0.96983837416992513,0.24308278146128548,1
0.68305788720566873,0.10754289357370295,1
0.6895551367375693,0.090549109733866429,1
0.51426795253915425,0.03521376029516865,1
0.57981136473585093,0.0087951860892596656,1
0.67290934652494727,0.20271233225323981,1
0.97602386314516942,0.26689376504675066,1
0.65987859242900992,0.15830193532218906,1
0.86369557668978325,0.27077665560419073,1
0.49313526162494836,0.021504390787547845,1
0.57982853304932103,0.0062429909546644069,1
0.94917642732307839,0.057388932147253713,1
0.84539342748761959,0.10394574889497843,1
0.59105034730770711,0.011661713955355091,1
0.74569418328347381,0.25557811027837229,1
0.5783347615694493,0.030713132962008838,1
0.79236063007499724,0.07552576397936106,1
0.79153006388293878,0.30611067595008945,1
0.54538665650984886,0.037570872220710205,1
0.96424400603363314,0.23182461898358309,1
0.92203172359770125,0.056330073304086792,1
0.82552147253478281,0.33968396331679651,1
0.77240765584220838,0.13889585216365608,1
0.69805642790659572,0.21555309757903607,1
0.84288965162910723,0.12672419316945316,1
0.84930172569567486,0.3000942126898537,1
0.50566335194339751,0.053869720667263588,1
0.66165981890782788,0.13956735153143718,1
0.81640136515580553,0.094599512790602303,1
0.67339201808634253,0.11543604109584049,1
0.61480447928505688,0.091265576917735958,1
0.62014523126883003,0.062067676770143243,1
0.90998029365253619,0.065614583406082172,1
0.94309688455916607,0.42743799522400472,1
0.77802685977877395,0.095043704524523487,1
0.81841600131883607,0.057247653843228052,1
0.91364606079661914,0.39017566677390803,1
0.78890456420992183,0.28379167900529256,1
0.58907337280506278,0.064661713181080938,1
0.90250692382117015,0.23723336601597755,1
0.91592061714446882,0.41036584658166375,1
0.91421552861000654,0.35297179674799817,1
0.75590439128668896,0.17945590034673786,1
0.96070888596681581,0.085427138334284725,1
0.94131781454686714,0.021655117169459226,1
0.80628432716678311,0.20190149681757374,1
0.78545237163452986,0.041304366224144129,1
0.95906416271442352,0.10520572767081049,1
0.87878986215718957,0.33423966774326064,1
0.90753166854687661,0.34000454513829437,1
0.76155972232337288,0.23740936561213,1
0.60031371583989857,0.028813356795712841,1
0.69341933928226396,0.1098509233009759,1
0.95263923249078075,0.24607267352252205,1
0.93818347693585435,0.37343771809930426,1
0.68183532051384022,0.073215915695271083,1
0.76771335308675093,0.11679638483998656,1
0.52835147814436578,0.023543165852111581,1
0.72080252464880079,0.14716426465842314,1
0.99989990506600501,0.067637880695412878,1
0.92551436647020313,0.30723717377248994,1
0.53429455642360024,0.041919789095840376,1
0.95389323650545332,0.35812916684091267,1
0.99374086363464986,0.4669748105921675,1
0.6173312130624431,0.016001109344558895,1
0.97337014142575939,0.074074396871035342,1
0.9422035922995522,0.17600263525612614,1
0.99281619167760482,0.29981980717755052,1
0.88477715035712268,0.026571775295154865,1
0.70920514209456376,0.15564199784121668,1
0.83530155357277647,0.28221580888809916,1
0.65556644035161205,0.095937146136914619,1
0.95944173173171021,0.026983137460153128,1
0.89388504034991889,0.046729763094840782,1
0.94667025183755571,0.30468970143305252,1
0.72083882306159197,0.091093576264017262,1
0.58218399469772397,0.040439307010104564,1
0.88065978488262209,0.025181815094273308,1
0.86673085406774186,0.015041868896769395,1
0.85163143563934496,0.044105727564191066,1
0.63225335847262054,0.0055587093127175136,1
0.50499124720780764,0.030275160917702659,1
0.56777882428966076,0.10884027293586918,1
0.91700188835960816,0.14496542041627125,1
0.87158905064794268,0.23160488589164208,1
0.84395401773027756,0.17006344777259064,1
0.65850398775061147,0.007589256725656246,1
0.92943671360547808,0.26338412115731002,1
0.92304369159649369,0.084143916156340204,1
0.56333138712874831,0.006314645203384317,1
0.70391783282120424,0.087486680114195248,1
0.71948448847028723,0.15348072972492943,1
0.88425512150218832,0.25066437838679156,1
0.93901346667339669,0.318117805121366,1
0.79463645261308302,0.0017274087524303816,1
0.98968932312949054,0.18778107127441168,1
0.70159306703233604,0.014068159832285154,1
0.72347599346554115,0.038531890364196686,1
0.75095992613318552,0.02596683818894463,1
0.4542663579051065,0.0031921326959606366,1
0.96127440682461585,0.39942611884616153,1
0.98318368695631053,0.43845092498876215,1
0.90556286965702437,0.38260529387182285,1
0.97638232601897879,0.034057030810333178,1
0.77913971634219137,0.23793642129611392,1
0.71064578139861467,0.17662209798675288,1
0.62212306323577549,0.048950573264613717,1
0.97924937448938476,0.2698208239410258,1
0.76068676053542894,0.11996892353147592,1
0.6286312846878126,0.10192521282027756,1
0.90193960495120751,0.3081927635237045,1
0.83101114362073225,0.13757445503191901,1
0.95076532312298101,0.32973187667069037,1
0.99585153009569838,0.42535999426578874,1
0.4479041208806519,0.0027191220008745409,1
0.92839551178674085,0.019476130939625858,1
0.95186840810102813,0.36690780900925557,1
0.74542910965981524,0.011732062344577909,1
0.84599000371227162,0.33066843231529264,1
0.78641548304045472,0.20293751255631276,1
0.84428313162329738,0.09824348380868797,1
0.92174286108854409,0.30078553121825802,1
0.72780354059423447,0.11976223765511373,1
0.94642613823160693,0.080186147962698628,1
0.47814386155914546,0.030969315145857323,1
0.85229386105634886,0.1002483665961087,1
0.89661578279482423,0.36158738340512142,1
0.95026782275961885,0.3985741483346994,1
0.82616927135769547,0.007758633797655401,1
0.93499749774690211,0.14135586304799619,1
0.89985088246324951,0.17400932624326615,1
0.9129011489573563,0.073305395823890729,1
0.82380841851536579,0.20427984553674916,1
0.64175922883268033,0.14553450908005428,1
0.90460698065595968,0.043281063541796505,1
0.71565560344264911,0.1364806253574008,1
0.80018912990398627,0.12537114244624281,1
0.90183078396875971,0.21430097952356464,1
0.87490199294169346,0.28098545854851753,1
0.57640128930657597,0.11648922420392283,1
0.8155544578458872,0.0098153067585585729,1
0.56974708102596283,0.0040167197329795679,1
0.98289139641501488,0.42634793103116653,1
0.98381378386004725,0.23399931961835685,1
0.83595882637311858,0.28112591992158575,1
0.92514854064739727,0.047626210759013077,1
0.8372842764999936,0.2435795131009858,1
0.97641724213320846,0.39092199977033282,1
0.92297910987013843,0.16880419452125328,1
0.78619556921064482,0.15427604090625591,1
0.87087891211182689,0.11619060162071604,1
0.91965158795686219,0.37348155287190554,1
0.84606216715789284,0.28841173798814068,1
0.82818115031565664,0.059844784989309674,1
0.6326193595991052,0.14084623021113174,1
0.85752948026877063,0.017925294005738279,1
0.843534668160412,0.12252416551528522,1
0.94843077799584652,0.016236847962750711,1
0.72386415409332572,0.073885520746562405,1
0.90006437496257041,0.31647632694869177,1
0.55488523711424231,0.014400502537201043,1
0.83976404767291457,0.26262465154388426,1
0.90656411674890758,0.12234932313508162,1
0.76596421300926598,0.10849202178004846,1
0.96023679203110224,0.25170698070477349,1
0.51496934422401763,0.052092929034702751,1
0.98515693546961491,0.10886786882894406,1
0.96937168051854705,0.34400552037150445,1
0.64526060477778335,0.035092090832929856,1
0.79438065533169555,0.30974293628330118,1
0.86617335659282435,0.21175172339594506,1
0.81503661356236423,0.21333179422595649,1
0.72324117497695939,0.12467280843194717,1
0.85515985331252231,0.036730163527319948,1
0.5213526092711005,0.06707340980063492,1
0.81655612307817838,0.19487273200951127,1
0.9692530549975108,0.18896266963056185,1
0.76074340647990246,0.2077340177674144,1
0.92864647451381988,0.043569977580859898,1
0.73631662009558896,0.13877200320602956,1
0.7828080402411618,0.024317372067538146,1
0.92520891746871403,0.12426219391357118,1
0.76132224473805432,0.27006562278849877,1
0.77521661353365801,0.29533656125128405,1
0.87673475660692879,0.20930702515344313,1
0.9221503254961102,0.1557772832225166,1
0.75907526017937665,0.016459105186530487,1
0.76319037866052586,0.068522514805704371,1
0.88540651945147808,0.040124015559603099,1
0.95882878491513623,0.24919655757518033,1
0.65801336748371575,0.14906332250854992,1
0.91991771599412264,0.34473507063938147,1
0.86672871118675787,0.020441091796653321,1
0.80263236469138777,0.15698399341396263,1
0.95187620479594603,0.33783479112002979,1
0.8076157492103847,0.24264531719784099,1
0.69180259805165545,0.19238081337328772,1
0.73884745044359723,0.11201476691091339,1
0.53670261277719677,0.083443793580703973,1
0.72710337517042112,0.056466306524576737,1
0.95216275725734401,0.35924325319923001,1
0.83624674635295126,0.11707846344532979,1
0.88650631664191282,0.23583358229325269,1
0.83975689536331721,0.31561850170644967,1
0.96943185918318919,0.24905512068832003,1
0.82954938390670507,0.28095484989996067,1
0.815457703225274,0.31037638747367857,1
0.65159498349969636,0.11645298054884223,1
0.91721205062235678,0.38816554105766976,1
0.66505826758040976,0.17936891042625114,1
0.73076747481776361,0.085099301164325181,1
0.8328122327945191,0.12974201490795512,1
0.96492915578065508,0.0016236014666034526,1
0.89185142773907733,0.38947643157024403,1
0.96228555854928144,0.1550085505319293,1
0.98632284554708416,0.44758257060014961,1
0.79895208505219562,0.24073015536611286,1
0.72045790956504618,0.21995212818050425,1
0.78701387257619149,0.26141379269291631,1
0.92736604076021978,0.37092256818431402,1
0.98246524381331168,0.30059171082189129,1
0.74672263908798253,0.12399274285388684,1
0.77869936570409204,0.2425487418712845,1
0.87815911814850045,0.23722767817035117,1
0.94913067599698098,0.34067387307608721,1
0.83190885916094015,0.32954957399963181,1
0.71288626851180759,0.19919202348969245,1
0.66059698618844886,0.029320701529747528,1
0.94574059104295227,0.19158134597151333,1
0.94981536343298689,0.40251047073714663,1
0.95457842011272553,0.055742238580371972,1
0.95863324879609069,0.13432674542466938,1
0.88633454682735735,0.36882933067653623,1
0.83562196572418257,0.10956409676095913,1
0.98565304172650436,0.47589472777281472,1
0.58731912192690838,0.11763088486658058,1
0.91086523061647395,0.39377146854440059,1
0.93749868632458955,0.24566104076329709,1
0.69843353715780232,0.0086044060354675267,1
0.72567096416503851,0.24944054186317588,1
0.97832302109028846,0.38237323972939952,1
0.47342265057901611,0.009369277266284004,1
0.68930372465033063,0.044547283138598903,1
0.66978366099691422,0.098074307876219291,1
0.98443933490785984,0.30349547368799235,1
0.82866814943926892,0.10079200634450514,1
0.57079764918485443,0.069346295471579111,1
0.7714431706200322,0.15696730554225768,1
0.82475714985362136,0.0249544482815377,1
0.49756823374426595,0.0015480726178370707,1
0.97899274158970084,0.06401245801362343,1
0.8169747546797097,0.33082958232185999,1
0.96685500322422868,0.15543765878965576,1
0.78455104478507887,0.078388862388665936,1
0.67671439908116815,0.18267922125272373,1
0.85850224661708574,0.018956528071730094,1
0.76157720986140576,0.26872676678453888,1
0.87661088825526934,0.19129367120007634,1
0.5941451865667714,0.015812604290613042,1
0.86644609517801807,0.29960074285106431,1
0.95713842150517958,0.4255829566271685,1
0.84837688518827459,0.017719864527327434,1
0.97352321783109219,0.0092067350679647664,1
0.80447834868314272,0.1029485257452285,1
0.97322329805382823,0.22931762844749115,1
0.5744888495632744,0.11335965676784854,1
0.78461319243928662,0.30146200460462813,1
0.72114277390908321,0.076132224876609089,1
0.81780029973714452,0.32052306689397192,1
0.94097424765303184,0.22391599188571465,1
0.96357309165671545,0.37764488542138441,1
0.72538592797575274,0.067691657952171802,1
0.902019265488885,0.17689587102308069,1
0.54525332142341687,0.058171436073702121,1
0.98480356876927955,0.30380840455982605,1
0.73504056679326479,0.059613441805889011,1
0.79780685372258953,0.17169419453113943,1
0.67815923934233546,0.10276706533548263,1
0.78652674954816137,0.13721642820218805,1
0.95262690249809467,0.081648743695269865,1
0.96186749897690149,0.34643977983571328,1
0.58738307045266624,0.034819335417444419,1
0.76989365931001075,0.051577651372352706,1
0.58538772731811084,0.0062331253416080257,1
0.98187375493341156,0.081297169667873814,1
0.74691079648086978,0.080209250368433849,1
0.67288539271432046,0.044997980145993877,1
0.89927715951990383,0.12450658080062471,1
0.9498748174243713,0.19792008998037414,1
0.86426970110301027,0.23160365356534873,1
0.89669610926080623,0.36366151187546814,1
0.71534219951644806,0.15385755706763171,1
0.70950451779940227,0.096241292412419965,1
0.92893342902823872,0.1206303483118778,1
0.88161346111820238,0.23703980466737584,1
0.78906804812072573,0.18856851456042756,1
0.60811294494269053,0.13704102117919703,1
0.69661297396931265,0.16860260510468339,1
0.76272041694540427,0.0040447082239993826,1
0.88034316835804949,0.23767116736285498,1
0.98783537761684059,0.11199555049731869,1
0.79695609416314861,0.20478364583463393,1
0.66107970328799581,0.03900436584884126,1
0.64438527511969179,0.15621955407532284,1
0.55165092338091049,0.051705833395677803,1
0.96956210189933101,0.44051508142322404,1
0.54767765844716643,0.037429144759396515,1
0.70923246063189871,0.15234465611365278,1
0.55933251743608059,0.0020838910229323826,1
0.86627299487686926,0.18159729696285887,1
0.57508729675123704,0.045208689510006006,1
0.61406323111625938,0.029461368962553136,1
0.62150352809415088,0.083163278183813638,1
0.72508492140042724,0.065671119156423985,1
0.71390848779313154,0.14503933585633322,1
0.8159294594554285,0.19044863590527861,1
0.80582684349784772,0.31234976601933118,1
0.49070074650510365,0.034611859931662825,1
0.67038268478312368,0.14542128074921068,1
0.84925631698807846,0.016596135423799008,1
0.91672502992526939,0.36684781328763505,1
0.83450703711997709,0.015313512923233574,1
0.99211445918105623,0.24221704734316707,1
0.59032919483587709,0.0022812511689996873,1
0.99615030939087146,0.39668543173373183,1
0.66514817823165573,0.10080718839214764,1
0.81836754375605691,0.23940284894542263,1
0.77476898061325139,0.063764582940559089,1
0.99789944599675562,0.4663780133800034,1
0.72850543565169057,0.093752036300169816,1
0.88684020589714618,0.22280192124291509,1
0.89463351174243699,0.34183854744947639,1
0.61966508930347597,0.00067756271117913602,1
0.9636116239420025,0.27617539389502388,1
0.89128153951857092,0.14536000199372967,1
0.74768990517424128,0.12367683890345327,1
0.68382947054346277,0.00011666444384050845,1
0.5219037398225076,0.049428539166719854,1
0.80948117563356004,0.16208448048540236,1
0.77905542615461398,0.28038360943349416,1
0.68980991715374618,0.043407606895259687,1
0.93694999857340322,0.028029646858764745,1
0.99813658166950192,0.45616033699295966,1
0.53597688375229657,0.034490260804585282,1
0.8901520551172768,0.22483066926451412,1
0.67632959269610138,0.11581934729666021,1
0.93322219268379192,0.26167552955925122,1
0.52609805852975133,0.025472872904866217,1
0.94835174028251312,0.03927600288398414,1
0.67406133192133166,0.076927522191173492,1
0.54373064973821605,0.064925390022082086,1
0.86438374475056368,0.16251245135226688,1
0.798746953366547,0.04280751482970313,1
0.70514045536754089,0.060068485099122104,1
0.94146966072093163,0.17346219046254618,1
0.9299042976171995,0.32318922073716161,1
0.87693875175022551,0.18019726602648767,1
0.46600169004932146,0.016342628286068916,1
0.73106556749361318,0.055353525483687993,1
0.62199575178092625,0.14419011389137382,1
0.82593202013549882,0.083418892580982229,1
0.77735089359011789,0.29208314752532016,1
0.78055457178266352,0.18798177156515505,1
0.64219745675020989,0.091372061834979035,1
0.73515520672500767,0.024562040200006297,1
0.7290466206212608,0.0099769120595738503,1
0.90326838266349907,0.030484558214107449,1
0.96982739516780636,0.39715949651089799,1
0.98947125494950883,0.48575847851834519,1
0.83082821510105065,0.29183073829698969,1
0.92503085689012865,0.080816749661417719,1
0.99571446020710919,0.30805267426941052,1
0.96464719407710198,0.06481242178625457,1
0.84858116558380436,0.065652594090880312,1
0.91662281614693208,0.17924563923189241,1
0.91135001966942097,0.12144772663913472,1
0.80624866969909348,0.26218982471998387,1
0.98979339976073566,0.46971729319915556,1
0.97377974942593315,0.31836695684867344,1
0.97071355638222456,0.45701731604852502,1
0.77292685864055011,0.17242301445053565,1
0.7515367009045969,0.16122510428787107,1
0.98828710953412624,0.27518470378758786,1
0.6299567719922331,0.063370446029852978,1
0.98643552966084824,0.13403531535881941,1
0.8677927373584855,0.23759438229244023,1
0.9276092387108178,0.079209867736559247,1
0.96006496884059966,0.0032375080101236797,1
0.85897325664132573,0.068266281343357438,1
0.96980789123257438,0.39902024092019084,1
0.76571714884677422,0.14841751361309519,1
0.87629344529078745,0.18206142578137052,1
0.61235995563343515,0.018263181484607371,1
0.95460514545810093,0.22915577535077547,1
0.6177200924735281,0.15358165145349689,1
0.98142225155523288,0.22462956336472939,1
0.88943844699390384,0.16791233869016431,1
0.89818639362356811,0.11380631358707061,1
0.6512695192671164,0.080646678058300947,1
0.56213114849246504,0.088354107494475365,1
0.93495668601308002,0.055123571072802857,1
0.54317923287925485,0.033088406530395909,1
0.6434744345316018,0.17370869509491982,1
0.93195843898428365,0.35591788478531783,1
0.79226111913547381,0.24516279814425224,1
0.50288044795683318,0.054578643122786152,1
0.94225809258857474,0.42447929384338234,1
0.947037189972883,0.037097939074193342,1
0.92486998687828181,0.37727626866786457,1
0.91390393176911322,0.057218435656948508,1
0.95508674781636893,0.14134314432026274,1
0.89458995828188348,0.091214752437043689,1
0.93850233480885881,0.019919774931985046,1
0.73102128182520487,0.068166658721388163,1
0.58727064239902793,0.10998289666418215,1
0.51458284931214637,0.057421818565412397,1
0.84478501589685451,0.11694958564512881,1
0.93772446401295817,0.39100817719826952,1
0.79439253860180337,0.19131303340993089,1
0.74716115906808467,0.16039763489656744,1
0.73680635355945689,0.11774758581559119,1
0.86343468648418309,0.010911546181222809,1
0.55658749721542078,0.041405834428930532,1
0.82989111892345913,0.13417124652677848,1
0.88350192436842778,0.37961150053264481,1
0.79263745417156561,0.041030006431189925,1
0.94925434352013149,0.13748364011499425,1
0.51792539332290877,0.013445193885332607,1
0.95108539298758032,0.22475899056918847,1
0.90475687596464449,0.046426581827283209,1
0.93343161019352461,0.27846087366036965,1
0.94145241586574813,0.26609480568945199,1
0.98046454449241505,0.44631564087365394,1
0.92029940114252429,0.091835406619439675,1
0.91508535147617365,0.29141322316018359,1
0.64505199438020455,0.031468545624689703,1
0.78030045509320589,0.077187246959615541,1
0.98949353940383955,0.21014424554622757,1
0.81531491843635406,0.078545508279640797,1
0.90737072160422716,0.12700939726530125,1
0.9789575837503588,0.24638313829558955,1
0.72386969564872916,0.011355303868848865,1
0.82452014287632747,0.097290592107556972,1
0.81875338531395858,0.037663819645726515,1
0.80839598233127019,0.26699284038595472,1
0.71669897408096117,0.24218475444839493,1
0.87536630381285074,0.053085188270137529,1
0.62498108164451716,0.032936895977736302,1
0.85005496390316859,0.15456019070339222,1
0.896094415585583,0.38453239665032779,1
0.95968449508410403,0.43686911004854778,1
0.84933747984936048,0.27075706832152024,1
0.64760175332757342,0.16071071930886172,1
0.97205303768232176,0.12593280037145416,1
0.74853065578002653,0.032465483399686468,1
0.50495684490169213,0.039981587349550818,1
0.65232403651983806,0.079031894443447381,1
0.80347453360833476,0.13483915562070636,1
0.84290413410838361,0.35588218295254315,1
0.48572735106929121,0.012184793858219356,1
0.61799171291649191,0.12795658129153342,1
0.62418535102498462,0.06557324297089473,1
0.84200078151452384,0.11939001911457381,1
0.6216232363504447,0.0029187978151166138,1
0.94844940632105768,0.20267526913452161,1
0.76795842832954608,0.26685549443531942,1
0.80593130513617428,0.16742154847410484,1
0.50756010978042454,0.058985317602678,1
0.67668108543568828,0.026047351147605591,1
0.7181532213747005,0.1253395691265714,1
0.65867566485734419,0.17989020055758953,1
0.97028947595169746,0.045224706232061096,1
0.79622757472966066,0.17104113280116184,1
0.57745089562664453,0.10382824236546584,1
0.90805123808342914,0.39053704412910262,1
0.90921302062061082,0.3717332023589045,1
0.76003653124200432,0.25162881904954038,1
0.88353170939222758,0.012672933424924482,1
0.65791694931035227,0.15796982769677903,1
0.91463292613817149,0.35808767940627384,1
0.88015373099691452,0.38440159445587074,1
0.96242027270135422,0.034534876844254603,1
0.9118982249772315,0.24552052752921782,1
0.84320717305396919,0.15503083340330359,1
0.75531696309855401,0.068942309721811146,1
0.90639049710191777,0.29275199552187603,1
0.73832298763931059,0.11139711323187551,1
0.84537434357858832,0.2871374151816799,1
0.86573522859520535,0.18012633382946253,1
0.99838379840187641,0.1610628711730091,1
0.72146325308778403,0.1010573319316701,1
0.98925693598687414,0.48475140887406676,1
0.87060811149642681,0.17043486426167354,1
0.85575033153812341,0.079945068254088536,1
0.92617388261636235,0.25580634573304095,1
0.77203844207273076,0.19715021541201694,1
0.58369933337258761,0.052550070371121693,1
0.97319376119844747,0.11456587926941009,1
0.94746002205627,0.43145838105527834,1
0.9073137900130821,0.26682710979667579,1
0.79921070848610665,0.19612758026859423,1
0.98848741736475731,0.16318356981014837,1
0.97021346382867679,0.13968963564115633,1
0.87709014333459145,0.15506128240750572,1
0.92552905478813685,0.035915983768510129,1
0.69658771227090399,0.064920242555314145,1
0.63767607344099464,0.068713291970684431,1
0.70023186361019751,0.22537803244024412,1
0.92984621584956373,0.078901544724354955,1
0.61265446396582024,0.080427638770617316,1
0.6715501872805526,0.15442834483829082,1
0.69239197852129419,0.00031528654975077064,1
0.73672253542146893,0.23609487636941151,1
0.65609862261093788,0.061194197669525052,1
0.96910989927409663,0.088328092567772964,1
0.97214465407897799,0.034630596151344673,1
0.96383530565441999,0.015688604355974078,1
0.95273305205689851,0.11366944058337169,1
0.67412269591758534,0.11348010675732134,1
0.81572382235396934,0.075501890284821904,1
0.99568127538799767,0.46212232058941494,1
0.78230570016154466,0.22023838130953388,1
0.91655133160929925,0.1589554317361751,1
0.66352236601367554,0.16040264386022152,1
0.94151843179662698,0.13374809950539357,1
0.9660212452194149,0.39912514433681412,1
0.91684429716265137,0.025633731152897465,1
0.50774736957231192,0.011018834450352344,1
0.94434858972893609,0.30086009550278892,1
0.74708179992835277,0.25951815044544846,1
0.96101063729671921,0.012421733088810893,1
0.93793719793836849,0.28676981950272173,1
0.79639467746382497,0.2518332033236822,1
0.76138070521940293,0.22482159785946432,1
0.79562297746747568,0.20011501391473807,1
0.78510377542933862,0.11650235619394722,1
0.93485455831262532,0.024974970914581562,1
0.66242062098275722,0.14820085923658799,1
0.94874460747513889,0.37236617676872508,1
0.68373481655980739,0.16033669769065995,1
0.83201420176167284,0.10667339655717345,1
0.84247906685425877,0.040541662346549434,1
0.87861202671136496,0.10765014867067402,1
0.705154286620155,0.064628259859824011,1
0.94192706333174447,0.0046143289451284764,1
0.76570031772122216,0.13434342346586692,1
0.97823950858780151,0.0043189870051317802,1
0.86792075623977971,0.28202628445281441,1
0.65308862793165379,0.18084182020364403,1
0.73007858977908657,0.090224095392246961,1
0.88221212215783507,0.0042274148578386184,1
0.95113988425158558,0.090646294596916421,1
0.93212885791121025,0.061941215504359604,1
0.65509526050949607,0.0057855582763023383,1
0.82826879835082057,0.050895827577430386,1
0.89822965010142142,0.37963595296286456,1
0.9322219537543377,0.1055449544889332,1
0.6887886282797101,0.082463753691721986,1
0.95639428026875994,0.12402775357353835,1
0.7513543530873763,0.0019980883875174715,1
0.65900973959658626,0.09712971956094274,1
0.62701341122407084,0.0030008529998759581,1
0.89296709355066384,0.25620191473439802,1
0.73364001809383605,0.061762862135341545,1
0.99050981108321101,0.075422352356715239,1
0.98433035137572389,0.068149999939160266,1
0.96511088001178824,0.12841553587630983,1
0.98299619105907621,0.035247168147641617,1
0.69371839171037053,0.098472081916900711,1
0.85782227010217993,0.065844631255521868,1
0.63998810023430064,0.12602650338478605,1
0.96174401116307384,0.18722204837447398,1
0.96973060947249157,0.082593166731715018,1
0.85501082815407603,0.083928864578725837,1
0.53801092028787856,0.039263155841156028,1
0.95697953538602232,0.25835770697500682,1
0.80688125801262256,0.21577205559164636,1
0.71615626037764102,0.20373725985488966,1
0.96860393956051682,0.064798134330063428,1
0.87477337076839956,0.2564977982956641,1
0.81743149873249887,0.16767164585100869,1
0.91328455208969939,0.093644874209373619,1
0.71419675624853118,0.072225211566158243,1
0.77027176508154616,0.085937359650349987,1
0.79887703385355724,0.059010706151925385,1
0.86602707245531341,0.018854962578873757,1
0.68702072612714227,0.041093246110924797,1
0.51812709420109704,0.056222499499482992,1
0.98771671989963616,0.080842817094960773,1
0.7651272390507069,0.017176431605160691,1
0.79095693503496478,0.17263025137233057,1
0.69175888325475243,0.18511960623297063,1
0.94304898816053195,0.40268939124345815,1
0.73237855543581265,0.090519790801957378,1
0.89919019695657387,0.19269681361911051,1
0.91347109127251769,0.15635587737265177,1
0.89356969896824379,0.24622339867330489,1
0.98080980520022309,0.40276602382075788,1
0.90520562319700193,0.25956019916742046,1
0.77683184950230488,0.023209846810110291,1
0.61187175929262894,0.052357442098529883,1
0.87723632943253627,0.049323910827530626,1
0.97005100077567086,0.43173746166753313,1
0.89576284831356467,0.24637147711942631,1
0.56773945880284493,0.051463084606414689,1
0.95134195745938688,0.048483881804596174,1
0.89853042996456622,0.056681500028720078,1
0.97620259173560697,0.10352426412023641,1
0.87539588035575644,0.23466768769991919,1
0.76680581255463753,0.18024321991349268,1
0.87995266056108001,0.1971335325348279,1
0.74642414897247666,0.18666233864798543,1
0.73785859400208076,0.025427334874102203,1
0.97852827339946935,0.14191095955529176,1
0.62020265875542935,0.09507689625778537,1
0.6097659390897584,0.0026368773946296997,1
0.77145434373816735,0.055266385212739855,1
0.92357898279033557,0.37564353860247901,1
0.96961341141109814,0.31247866750098563,1
0.96849978653871216,0.09127366541455495,1
0.97443805244617454,0.29783109773453542,1
0.95824349934184505,0.052245711949647333,1
0.80053759218202436,0.27239922046926435,1
0.93338814382582336,0.23754761814983316,1
0.96562444842110817,0.43187207058479393,1
0.82770953694710114,0.060510561416836306,1
0.71390212825343102,0.055251659994791424,1
0.88176383681612391,0.031508685435737926,1
0.93741626890536212,0.39420017367818705,1
0.97409068822830269,0.42128694456953386,1
0.80794941690608157,0.034503527673581003,1
0.99206998919609524,0.055237695737286763,1
0.87254082568424141,0.26220506703063928,1
0.98593053714200418,0.41105390854491175,1
0.66082762837322284,0.022259479413043959,1
0.8480302479461832,0.082530885701906698,1
0.98962501188249041,0.061088517779378182,1
0.6096533388260873,0.0036081245735678502,1
0.79983098449675571,0.14992209465580641,1
0.79784403279556726,0.12060937910104841,1
0.73680408619082538,0.24532199498058938,1
0.86223620305982318,0.35462038584733457,1
0.57632277447213243,0.064076635482411826,1
0.67705510856885942,0.042433764613715397,1
0.86259309654835181,0.056059109546862218,1
0.76699516872990892,0.069603763659813023,1
0.88151888585354077,0.075088887316807851,1
0.72115046264011351,0.18390921923352843,1
0.6500583545983889,0.11971043585480623,1
0.99433225882091791,0.014846776675429552,1
0.61456524291484838,0.0030026846340865943,1
0.89899744727998199,0.15531580185201765,1
0.99655061974929682,0.42384452243393955,1
0.89914589767832487,0.21128612595502438,1
0.99007441437871768,0.1435622138114242,1
0.9636329499540105,0.079076190490670717,1
0.88575853612252808,0.36044542147473635,1
0.77635309735657998,0.16032148084970121,1
0.91813933437375084,0.41393226680212569,1
0.89866225964057511,0.36470322952831224,1
0.67710454295406763,0.041418746550158092,1
0.92253896107751865,0.39946346065422544,1
0.6741336755312457,0.17240463277651896,1
0.75617241296718951,0.21597943039277445,1
0.98884125434642167,0.16149434858245615,1
0.94338357414664342,0.23240829142761554,1
0.88192216087658448,0.26889459195932641,1
0.96397492509451133,0.043495799296781712,1
0.86085334684748516,0.27517395897146546,1
0.93968927556907744,0.080934903858428053,1
0.95703273807886535,0.2372109976845449,1
0.81853270959235491,0.039168052261240982,1
0.92061229415867007,0.13574605441154408,1
0.8265464443892917,0.26954632302446069,1
0.94401605773953334,0.23902279250784653,1
0.91764460289583061,0.1428657111554924,1
0.85883672660158805,0.099071164629800701,1
0.90571015266350985,0.36075801795965534,1
0.7925505711543599,0.25840624683074642,1
0.58002218140253958,0.021461119654955896,1
0.82344835819022988,0.30019320371307723,1
0.73595217959034298,0.20406628807814176,1
0.71730808187654893,0.23235268531931885,1
0.91023511730703577,0.38083503280993991,1
0.65818499100086869,0.028127955586937259,1
0.76347429711102921,0.031657629028803647,1
0.75108102296574653,0.26996879339782287,1
0.63594592457452781,0.12497247901657382,1
0.5537642235044532,0.056082365428791414,1
0.76707079898673491,0.13125473553378264,1
0.79971451767707491,0.31031113770679775,1
0.99834581102781361,0.34277074438915045,1
0.55579764452891944,0.049641938569112365,1
0.83381442424800112,0.29317455882835952,1
0.94225952747611053,0.1282944287094212,1
0.87946647051891347,0.091041391710210529,1
0.69442195491012393,0.012850355457063034,1
0.56650303188581963,0.080865230936483457,1
0.54252134946549546,0.023057703601536805,1
0.70374811597609177,0.18679527650753147,1
0.88839989669401032,0.14191869149513481,1
0.93355640084914138,0.32623459017557122,1
0.76592391534857096,0.031871522269059871,1
0.77427497074412399,0.20081196079006058,1
0.95713500479584501,0.32490318102361571,1
0.74424166805528935,0.015826893373509288,1
0.64287182147171318,0.11950539831648055,1
0.84333826098534359,0.31794510888942218,1
0.53057658352708226,0.021431652826042646,1
0.98655240045080728,0.1398374848072933,1
0.99963853253078305,0.12014899968373105,1
0.75559307274907617,0.24775896961837907,1
0.82330204253663841,0.32901189871817549,1
0.79294858346173414,0.27918041560202111,1
0.67185291857700036,0.039434189934304142,1
0.89972366233834533,0.1123295316511429,1
0.79233683339191019,0.091411941296378307,1
0.89641303737206812,0.20088915863586843,1
0.88070678993655338,0.0071458136337692046,1
0.86246982142564854,0.0092086997015138339,1
0.72521998581907343,0.030270275614614928,1
0.89777271362113442,0.047430030744377127,1
0.72671086333315127,0.13260376044797861,1
0.94718560753661851,0.073127352575603322,1
0.77596168644678387,0.2033705182530321,1
0.99301233041875014,0.031438362560137989,1
0.95390539640685346,0.44402086514307826,1
0.90195050542277433,0.21485327730273929,1
0.69483408225578924,0.12122704616625213,1
0.98173861024272202,0.21383324561791672,1
0.83220404559678918,0.24129531347966093,1
0.58728497553512282,0.11580810682124476,1
0.93584962721696774,0.3794147547622575,1
0.7091851963297221,0.11551189376326121,1
0.94841479471434276,0.39251868551931535,1
0.86228602652432229,0.21069761140031751,1
0.94068759528666734,0.38332735108524552,1
0.84972441346710448,0.22420160481274465,1
0.7679289518350555,0.24018103320989925,1
0.96439582785420352,0.17598520355765945,1
0.70135649847081205,0.045510330996208492,1
0.79166197699799246,0.10900228252403166,1
0.9041681914754458,0.3637042859882732,1
0.8799947600186776,0.17675308752208729,1
0.94421463056339217,0.13464876910570467,1
0.92942895555002658,0.10828196214721264,1
0.98261084402327203,0.33906109994738109,1
0.8722487959926909,0.07644324952428716,1
0.74528269860020679,0.24676544120510702,1
0.63052928071153602,0.14471868249760622,1
0.87811563983581897,0.078064818584750451,1
0.84467495713423535,0.045222221968419518,1
0.56549637068677427,0.074456574195439829,1
0.98241157448786687,0.36047099126283377,1
0.82203917495354362,0.27216851898241001,1
0.92991198492493343,0.15883565644095299,1
0.7175977375840803,0.24053936148002264,1
0.89058818326633071,0.36730963510870862,1
0.86098940410106861,0.016918484522308486,1
0.86899467052017354,0.27206414582692695,1
0.8518795315329929,0.22945122155844044,1
0.99332373690235598,0.17234198073191054,1
0.98772772276020038,0.030223955544791292,1
0.88245740859488231,0.12152258076124633,1
0.88483168619126407,0.22750925470466665,1
0.68508112876522498,0.082655532611627058,1
0.56761917634779946,0.083291409237041591,1
0.97079646157166688,0.25502047819236195,1
0.86925867516884825,0.22546097879385285,1
0.99866604795997116,0.19768346337433085,1
0.92187453941515207,0.35465744963315804,1
0.55743797272234719,0.096376098795088239,1
0.92455483930058979,0.27339671401712484,1
0.50569021546423087,0.024696755631730238,1
0.79773122745988667,0.22171868738306166,1
0.66819517325703115,0.033362994089407905,1
0.95616499005946265,0.38215906657640564,1
0.58079960079861381,0.034763770200524569,1
0.99927295922904258,0.45554436478032634,1
0.80310545805382239,0.17726004945703933,1
0.77994509314098015,0.096631357325443812,1
0.86364638035159558,0.1227771794645125,1
0.87719945027387791,0.32686179691807027,1
0.8638014500320137,0.083349991303948046,1
0.80577176566616759,0.30736027017423018,1
0.95984081792156239,0.080938341455437102,1
0.98686505681471193,0.025665683157889752,1
0.92566472341627892,0.095803992229718804,1
0.83430304433327207,0.18548496825771443,1
0.61722320953253729,0.0021517071814961541,1
0.92692242556388504,0.22122095518770957,1
0.92408013305439762,0.074254259052221383,1
0.64510938520263472,0.17326529576900729,1
0.83409446678440069,0.0055099367479782835,1
0.68015542431230147,0.20848426169808321,1
0.82962974397037048,0.28621596530560944,1
0.81927267300806828,0.022080856158794515,1
0.88303530866264102,0.030418573837932339,1
0.97439429795222554,0.36650784185454099,1
0.67606772967267093,0.12284922170649537,1
0.56667414165516394,0.067809508680641284,1
0.56417315779933586,0.042937133632340752,1
0.98390201053267723,0.38055908284226003,1
0.81671598721706873,0.23476170031569088,1
0.6374134201612901,0.031345118602179811,1
0.73419964723918341,0.10055972056343687,1
0.89412810578579982,4.7776329836102249e-05,1
0.72183775573406073,0.15970304419513648,1
0.53710265558512049,0.011224078400646875,1
0.90171772047971055,0.38227479974527312,1
0.99297731271533485,0.0068860668025498839,1
0.88886962634970157,0.3534435651017267,1
0.77523461661491666,0.078286594676432397,1
0.92560935518414367,0.40402454982743075,1
0.53986074665971107,0.03297149486173101,1
0.60978180686722161,0.15012529261316654,1
0.85435991305218295,0.20658040978472381,1
0.85789670038207289,0.32744675896616804,1
0.84833729949555248,0.076026947426232616,1
0.7595490463259098,0.15958059769931088,1
0.82960332307184725,0.26662249594194654,1
0.81602765980260217,0.1519264481721867,1
0.95095575281367239,0.24448511106481396,1
0.87459323369449382,0.34470177418263304,1
0.8772434451315233,0.087283393258476893,1
0.87128534602659113,0.057963007749151529,1
0.89977295754166142,0.40001594239916127,1
0.82702424497005533,0.15810516782317674,1
0.86194389354165846,0.13100484700618187,1
0.94222144930060103,0.34863506784746867,1
0.93864561729966467,0.44157992247014144,1
0.59697171512029934,0.13968308674450181,1
0.48875468893649643,0.028176857957788792,1
0.56894116318785526,0.031201806405399712,1
0.64698683083057451,0.13917340927790178,1
0.83883133480929184,0.11802041911564431,1
0.98749285850992008,0.36118570767059688,1
0.79196036134201897,0.075053215527990491,1
0.56120243062747799,0.0052574809125051081,1
0.92405798900569425,0.37872090930711655,1
0.62293958526231719,0.047649581485709303,1
0.72261874843161944,0.020528539254981326,1
0.60707271870817792,0.034030597041256216,1
0.97690121678764452,0.35447313139727921,1
0.79749368135472065,0.030481865789643181,1
0.82692317265745641,0.26041968754010636,1
0.97561576148368911,0.17446244252639787,1
0.93597396916884157,0.021835270587590161,1
0.92741422016397423,0.052077627893256762,1
0.84005891153320034,0.094271820296424891,1
0.77606980885976795,0.12406284013113755,1
0.76996660060253397,0.11982347099507884,1
0.84181845915550246,0.19165100640666,1
0.53216378718961721,0.075935036345930573,1
0.99538940658183372,0.24496320078800615,1
0.61580154852249258,0.047753107715522769,1
0.99750350446898961,0.30934244998162064,1
0.96731312165117622,0.00021446049504392217,1
0.69356780840208898,0.19704919836183599,1
0.9782548367027869,0.24484040800546103,1
0.86262045236903073,0.25087393212649389,1
0.59956052161300111,0.028685201918153158,1
0.88453925019551394,0.21472757020959676,1
0.987123860377356,0.43865090486485236,1
0.94980123244124226,0.018241897546335095,1
0.91246208786408567,0.25382277898817374,1
0.91030749152247126,0.013013640681458605,1
0.92682723476974627,0.20323413832011983,1
0.98067434244301011,0.36280399214380821,1
0.82719486340686532,0.10950779581086845,1
0.86828348271546885,0.13939517674725377,1
0.8180188004902964,0.18504998424377173,1
0.75822113710761463,0.094172558443833099,1
0.97895181621796512,0.059588802139518005,1
0.4915090474749555,0.012418193386542153,1
0.55957291435305223,0.039934216979071957,1
0.94897281482180185,0.44587053742127591,1
0.94243060063569206,0.10351250415675595,1
0.87427125728749877,0.28272398538558263,1
0.71601294693082007,0.15799260265439863,1
0.82225961407796844,0.29124207965950322,1
0.46128930174285376,0.0067234621684439944,1
0.92581014832104735,0.1763994307271215,1
0.76316255513826581,0.19334807203896731,1
0.75030499989570554,0.0080540608265262659,1
0.93184563118484087,0.32150427230335121,1
0.60755602153828558,0.057165034977765816,1
0.64164833216032813,0.02013521834524834,1
0.95044189287321856,0.35166519135909025,1
0.78572089019056146,0.17552404446770986,1
0.99771083418274653,0.42766720316677109,1
0.87329616090925688,0.22076381862551497,1
0.74099042982806329,0.065938093124530472,1
0.93034242992051985,0.012876158844969399,1
0.80129205939585457,0.22989299327271773,1
0.60307358669388034,0.0095453062859730542,1
0.78362371451277091,0.1278810750378353,1
0.80934989120977996,0.011401586932493823,1
0.93049122715048438,0.42960299057322493,1
0.93335518544229468,0.069257128904465115,1
0.61743978832045021,0.11116128216548715,1
0.7594955014449184,0.20516308546074191,1
0.92883298154275773,0.22371824465450441,1
0.64386996809342822,0.019336216037675547,1
0.98511027576481058,0.15349936165933664,1
0.79303758622246634,0.08925970029298369,1
0.79946665547591433,0.27773406970978254,1
0.79297640397938762,0.28047474936161687,1
0.99167576833110438,0.48383728942730408,1
0.91252572652840314,0.30817657246802554,1
0.84973476160577266,0.34742752609885064,1
0.91286687286139689,0.05922777051646666,1
0.9676866302083158,0.1163395479960696,1
0.70025548557010242,0.095894788537739029,1
0.68670931200271124,0.062806541854872111,1
0.90217260614687977,0.27591803573603291,1
0.98408814625505359,0.42284088870023362,1
0.70713062478040711,0.098023263962405793,1
0.87341212629236298,2.3592508406333756e-05,1
0.93677681470909824,0.41508127706777198,1
0.79230398621476572,0.21217483722660668,1
0.81966716075031287,0.32767316673714553,1
0.88278623538814005,0.085056768399847882,1
0.73747527425762216,0.26362578691914373,1
0.79426638039360276,0.15504484553993769,1
0.74596505797522539,0.25650718061510092,1
0.89128802256422868,0.15215758951813374,1
0.91177079900360569,0.092483692693054453,1
0.70263007347502848,0.0016167739627184208,1
0.61145634423143402,0.048963706674218344,1
0.98373007771844856,0.1473246120484385,1
0.6856163256679203,0.066891152973432177,1
0.79046189711005588,0.21711914235368734,1
0.82916479277159316,0.052145025847441295,1
0.93208324257717257,0.28855809900153895,1
0.80628396796892621,0.0053728330539074554,1
0.81719955648330156,0.0045756360128115237,1
0.83473031323979197,0.13719214247270917,1
0.82169832676777066,0.024706504975946286,1
